"Name","c_1","c_2","epochs","num_particles","num_per_layer","num_hidden_layers","omega","_wandb","val_loss","train_loss","epoch"
"dazzling-sweep-441","2","5","250","50","10","1","1","null","0.5202293197313944","0.3457807242870331","249"
"drawn-sweep-440","2","5","250","50","10","1","0.95","null","0.23028471668561296","0.2236978597111172","249"
"worldly-sweep-439","2","5","250","50","10","1","0.9","null","0.26713841160138446","0.22988138397534688","249"
"rural-sweep-438","2","5","250","50","10","1","0.85","null","0.24316662748654683","0.20971615182028877","249"
"swept-sweep-437","2","5","250","50","10","1","0.8","null","0.23723108967145284","0.20412805444664425","249"
"still-sweep-436","2","5","250","50","10","1","0.75","null","0.28504490852355957","0.2192371464437909","249"
"solar-sweep-435","2","5","250","50","10","1","0.7","null","0.32798749407132466","0.3163509143723382","249"
"tough-sweep-434","2","5","250","50","10","1","0.65","null","0.21809800167878468","0.1940893951389525","249"
"noble-sweep-433","2","5","250","50","10","1","0.6","null","0.27683907945950825","0.27983376019530826","249"
"wobbly-sweep-432","2","5","250","50","10","1","0.55","null","0.29639864166577656","0.2590455234050751","249"
"robust-sweep-431","2","5","250","50","10","1","0.5","null","0.18477044105529783","0.18615713285075297","249"
"spring-sweep-430","2","5","250","50","10","1","0.45","null","0.2694607158501943","0.2587294830216302","249"
"eager-sweep-429","2","5","250","50","10","1","0.4","null","0.27783134778340657","0.23468678196271264","249"
"rural-sweep-428","2","5","250","50","10","1","0.35","null","0.1903943449258804","0.20963762634330327","249"
"misty-sweep-427","2","5","250","50","10","1","0.3","null","0.1977836678425471","0.20943082835939195","249"
"swift-sweep-426","2","5","250","50","10","1","0.25","null","0.2375300387541453","0.216381326980061","249"
"genial-sweep-425","2","5","250","50","10","1","0.2","null","0.2486059288183848","0.24820699062612325","249"
"lyric-sweep-424","2","5","250","50","10","1","0.15","null","0.25651913285255434","0.23666324019432067","249"
"azure-sweep-423","2","5","250","50","10","1","0.1","null","0.1843171894550323","0.18192300101121267","249"
"elated-sweep-422","2","5","250","50","10","1","0.05","null","0.23721317251523336","0.22644044392638735","249"
"fresh-sweep-421","2","5","250","50","10","1","0","null","0.24407292604446412","0.220698278148969","249"
"daily-sweep-420","2","4.75","250","50","10","1","1","null","0.2766082187493642","0.24860432942708333","249"
"spring-sweep-419","2","4.75","250","50","10","1","0.95","null","0.28905260960261026","0.2234254002571106","249"
"cosmic-sweep-418","2","4.75","250","50","10","1","0.9","null","0.22553238968054456","0.2006512916750378","249"
"frosty-sweep-417","2","4.75","250","50","10","1","0.85","null","0.358259379863739","0.2696833713187112","249"
"unique-sweep-416","2","4.75","250","50","10","1","0.8","null","0.3603641947110494","0.2591346277130975","249"
"dry-sweep-415","2","4.75","250","50","10","1","0.75","null","0.266010449330012","0.21835415230857003","249"
"swift-sweep-414","2","4.75","250","50","10","1","0.7","null","0.225939013560613","0.19011981652842627","249"
"rosy-sweep-413","2","4.75","250","50","10","1","0.65","null","0.21401834686597188","0.18641196257538264","249"
"feasible-sweep-412","2","4.75","250","50","10","1","0.6","null","0.22582168777783712","0.18969722323947483","249"
"faithful-sweep-411","2","4.75","250","50","10","1","0.55","null","0.2594450573126475","0.2317312760485543","249"
"zany-sweep-410","2","4.75","250","50","10","1","0.5","null","0.26939157048861184","0.2477828860282898","249"
"balmy-sweep-409","2","4.75","250","50","10","1","0.45","null","0.2775320748488108","0.2356258928775787","249"
"azure-sweep-408","2","4.75","250","50","10","1","0.4","null","0.2387947916984558","0.21663873427444033","249"
"rose-sweep-407","2","4.75","250","50","10","1","0.35","null","0.2780129233996073","0.26574856638908384","249"
"wobbly-sweep-406","2","4.75","250","50","10","1","0.3","null","0.169293416539828","0.1808710998959011","249"
"faithful-sweep-405","2","4.75","250","50","10","1","0.25","null","0.18000386357307435","0.18618131081263223","249"
"honest-sweep-404","2","4.75","250","50","10","1","0.2","null","0.2308656891187032","0.206386313173506","249"
"lyric-sweep-403","2","4.75","250","50","10","1","0.15","null","0.21691831747690837","0.20483902129862044","249"
"charmed-sweep-402","2","4.75","250","50","10","1","0.1","null","0.2257732431093852","0.22829252150323656","249"
"fresh-sweep-401","2","4.75","250","50","10","1","0.05","null","0.2401534100373586","0.22258672813574473","249"
"effortless-sweep-400","2","4.75","250","50","10","1","0","null","0.24653913776079817","0.22636343472533757","249"
"fragrant-sweep-399","2","4.5","250","50","10","1","1","null","0.25953750014305116","0.23714976178275216","249"
"restful-sweep-398","2","4.5","250","50","10","1","0.95","null","0.3582458178202311","0.2530197885301378","249"
"stellar-sweep-397","2","4.5","250","50","10","1","0.9","null","0.3200376252333323","0.23634688953558605","249"
"mild-sweep-396","2","4.5","250","50","10","1","0.85","null","0.20077814161777496","0.18409288028875984","249"
"glamorous-sweep-395","2","4.5","250","50","10","1","0.8","null","0.3284818371136983","0.263351685139868","249"
"fearless-sweep-394","2","4.5","250","50","10","1","0.75","null","0.3272377689679464","0.25738488833109535","249"
"giddy-sweep-393","2","4.5","250","50","10","1","0.7","null","0.1956934303045273","0.17925864193174573","249"
"playful-sweep-392","2","4.5","250","50","10","1","0.65","null","0.21586916248003643","0.1845732308096356","249"
"pleasant-sweep-391","2","4.5","250","50","10","1","0.6","null","0.21808549165725707","0.19195266862710317","249"
"lucky-sweep-390","2","4.5","250","50","10","1","0.55","null","0.2450519303480784","0.20899047487311892","249"
"tough-sweep-389","2","4.5","250","50","10","1","0.5","null","0.3008604387442271","0.22510430879063076","249"
"stellar-sweep-388","2","4.5","250","50","10","1","0.45","null","0.246895831823349","0.23363455533981323","249"
"youthful-sweep-387","2","4.5","250","50","10","1","0.4","null","0.2609380503495534","0.23622569309340585","249"
"generous-sweep-386","2","4.5","250","50","10","1","0.35","null","0.2366857508818309","0.23854155010647243","249"
"scarlet-sweep-385","2","4.5","250","50","10","1","0.3","null","0.2179743448893229","0.2114866564671199","249"
"soft-sweep-384","2","4.5","250","50","10","1","0.25","null","0.20804913143316903","0.19450019233756596","249"
"noble-sweep-383","2","4.5","250","50","10","1","0.2","null","0.18955699801445008","0.18028281496630777","249"
"daily-sweep-382","2","4.5","250","50","10","1","0.15","null","0.21544536352157592","0.1957406888405482","249"
"dashing-sweep-381","2","4.5","250","50","10","1","0.1","null","0.2345669110616048","0.2170467972755432","249"
"cool-sweep-380","2","4.5","250","50","10","1","0.05","null","0.2407298227151235","0.22719215750694272","249"
"gallant-sweep-379","2","4.5","250","50","10","1","0","null","0.21317124366760257","0.2158397959338294","249"
"atomic-sweep-378","2","4.25","250","50","10","1","1","null","0.25262610912322997","0.19773097667429185","249"
"atomic-sweep-377","2","4.25","250","50","10","1","0.95","null","0.21662338574727377","0.20442076126734415","249"
"rich-sweep-376","2","4.25","250","50","10","1","0.9","null","0.19760353465874989","0.21265996098518372","249"
"jolly-sweep-375","2","4.25","250","50","10","1","0.85","null","0.2325245976448059","0.2145080443885591","249"
"logical-sweep-374","2","4.25","250","50","10","1","0.8","null","0.2591528038183848","0.24717082877953847","249"
"fast-sweep-373","2","4.25","250","50","10","1","0.75","null","0.25396512548128763","0.2348963373237186","249"
"scarlet-sweep-372","2","4.25","250","50","10","1","0.7","null","0.17419635653495788","0.15668579671117994","249"
"lively-sweep-371","2","4.25","250","50","10","1","0.65","null","0.2048081209262212","0.18453404969639248","249"
"vital-sweep-370","2","4.25","250","50","10","1","0.6","null","0.2053773174683253","0.1890646086798774","249"
"stellar-sweep-369","2","4.25","250","50","10","1","0.55","null","0.21377058029174809","0.20318380031320785","249"
"pious-sweep-368","2","4.25","250","50","10","1","0.5","null","0.23066506385803223","0.20994659198655025","249"
"chocolate-sweep-367","2","4.25","250","50","10","1","0.45","null","0.2072173118591309","0.19133727881643509","249"
"giddy-sweep-366","2","4.25","250","50","10","1","0.4","null","0.23869448105494184","0.20424925121996135","249"
"classic-sweep-365","2","4.25","250","50","10","1","0.35","null","0.17948603630065918","0.19083704584174685","249"
"legendary-sweep-364","2","4.25","250","50","10","1","0.3","null","0.17706030408541362","0.1992627948522568","249"
"electric-sweep-363","2","4.25","250","50","10","1","0.25","null","0.20600641270478567","0.19626770085758632","249"
"polar-sweep-362","2","4.25","250","50","10","1","0.2","null","0.19343711733818053","0.1921690818336275","249"
"wandering-sweep-361","2","4.25","250","50","10","1","0.15","null","0.19323957761128743","0.20645009511046936","249"
"hardy-sweep-360","2","4.25","250","50","10","1","0.1","null","0.2019169012705485","0.2128003246254391","249"
"effortless-sweep-359","2","4.25","250","50","10","1","0.05","null","0.25186368028322853","0.23284458782937792","249"
"lilac-sweep-358","2","4.25","250","50","10","1","0","null","0.2350045601526896","0.2176654239495595","249"
"leafy-sweep-357","2","4","250","50","10","1","1","null","0.2289734403292338","0.20716490348180136","249"
"fallen-sweep-356","2","4","250","50","10","1","0.95","null","0.17867293159166972","0.20099693304962585","249"
"zesty-sweep-355","2","4","250","50","10","1","0.9","null","0.20247956216335297","0.19029688901371425","249"
"mild-sweep-354","2","4","250","50","10","1","0.85","null","0.2524166544278463","0.22788540025552115","249"
"fresh-sweep-353","2","4","250","50","10","1","0.8","null","0.240834512313207","0.21468516488869985","249"
"mild-sweep-352","2","4","250","50","10","1","0.75","null","0.25682085553805034","0.26105265749825374","249"
"efficient-sweep-351","2","4","250","50","10","1","0.7","null","0.1700895975033442","0.1809834467040168","249"
"good-sweep-350","2","4","250","50","10","1","0.65","null","0.17722176710764567","0.1732632170120875","249"
"scarlet-sweep-349","2","4","250","50","10","1","0.6","null","0.2198065956433614","0.20596649448076884","249"
"astral-sweep-348","2","4","250","50","10","1","0.55","null","0.21864716013272603","0.21646488342020248","249"
"crimson-sweep-347","2","4","250","50","10","1","0.5","null","0.2122335652510325","0.18136475516690148","249"
"vocal-sweep-346","2","4","250","50","10","1","0.45","null","0.2354087471961975","0.2090061416228612","249"
"vocal-sweep-345","2","4","250","50","10","1","0.4","null","0.18950730363527937","0.18350402447912428","249"
"driven-sweep-344","2","4","250","50","10","1","0.35","null","0.18596586883068084","0.173219695687294","249"
"comic-sweep-343","2","4","250","50","10","1","0.3","null","0.1611802875995636","0.1839207877715429","249"
"fragrant-sweep-342","2","4","250","50","10","1","0.25","null","0.22553605437278748","0.2184610704580943","249"
"polar-sweep-341","2","4","250","50","10","1","0.2","null","0.24535750945409135","0.22561729616589016","249"
"playful-sweep-340","2","4","250","50","10","1","0.15","null","0.22218180894851688","0.2153344088130527","249"
"silver-sweep-339","2","4","250","50","10","1","0.1","null","0.2370292564233144","0.23695803648895689","249"
"light-sweep-338","2","4","250","50","10","1","0.05","null","0.2440786719322205","0.22334938479794397","249"
"likely-sweep-337","2","4","250","50","10","1","0","null","0.21663309137026468","0.21335039205021328","249"
"kind-sweep-336","2","3.75","250","50","10","1","1","null","0.26565311948458353","0.22069647444619073","249"
"dazzling-sweep-335","2","3.75","250","50","10","1","0.95","null","0.32279907862345375","0.24499389164977603","249"
"dauntless-sweep-334","2","3.75","250","50","10","1","0.9","null","0.21466504633426667","0.220871940586302","249"
"gentle-sweep-333","2","3.75","250","50","10","1","0.85","null","0.19500981271266937","0.21143716507487828","249"
"zesty-sweep-332","2","3.75","250","50","10","1","0.8","null","0.1931792994340261","0.1823210918241077","249"
"fast-sweep-331","2","3.75","250","50","10","1","0.75","null","0.24122262994448343","0.19248572885990145","249"
"drawn-sweep-330","2","3.75","250","50","10","1","0.7","null","0.2919676661491394","0.21779957214991252","249"
"dry-sweep-329","2","3.75","250","50","10","1","0.65","null","0.19188462297121683","0.17343558271725973","249"
"dandy-sweep-328","2","3.75","250","50","10","1","0.6","null","0.22352661490440368","0.20330669714344873","249"
"zany-sweep-327","2","3.75","250","50","10","1","0.55","null","0.2368234912554423","0.2184608926375707","249"
"brisk-sweep-326","2","3.75","250","50","10","1","0.5","null","0.16395864288012188","0.15890468888812595","249"
"dutiful-sweep-325","2","3.75","250","50","10","1","0.45","null","0.2752570827802022","0.2048319704002804","249"
"fragrant-sweep-324","2","3.75","250","50","10","1","0.4","null","0.19540231227874755","0.15900597969690958","249"
"lucky-sweep-323","2","3.75","250","50","10","1","0.35","null","0.16923387746016186","0.1330670283900367","249"
"cool-sweep-322","2","3.75","250","50","10","1","0.3","null","0.26340638399124144","0.205711673034562","249"
"lunar-sweep-321","2","3.75","250","50","10","1","0.25","null","0.1925723205010096","0.18051917983425989","249"
"rosy-sweep-320","null","3.75","null","null","null","null","0.2","null","null","null","null"
"iconic-sweep-319","2","3.75","250","50","10","1","0.15","null","0.21737512747446697","0.20901669065157572","249"
"robust-sweep-318","2","3.75","250","50","10","1","0.1","null","0.276559587319692","0.23072756131490071","249"
"radiant-sweep-317","2","3.75","250","50","10","1","0.05","null","0.24860853950182596","0.2269836492008633","249"
"drawn-sweep-316","2","3.75","250","50","10","1","0","null","0.21932187875111897","0.21677787005901336","249"
"graceful-sweep-315","2","3.5","250","50","10","1","1","null","0.22496436933676403","0.2162800172964732","249"
"worthy-sweep-314","2","3.5","250","50","10","1","0.95","null","0.20310842394828796","0.20381071203284792","249"
"apricot-sweep-313","2","3.5","250","50","10","1","0.9","null","0.2294413149356842","0.2015343858136071","249"
"vocal-sweep-312","2","3.5","250","50","10","1","0.85","null","0.3088342030843099","0.237630542450481","249"
"stoic-sweep-311","2","3.5","250","50","10","1","0.8","null","0.2939740796883901","0.2487624602185355","249"
"glamorous-sweep-310","2","3.5","250","50","10","1","0.75","null","0.19885910550753275","0.1695316731929779","249"
"peach-sweep-309","2","3.5","250","50","10","1","0.7","null","0.20334465503692628","0.17126233445273506","249"
"hopeful-sweep-308","2","3.5","250","50","10","1","0.65","null","0.1890553375085195","0.16219900813367633","249"
"crimson-sweep-307","2","3.5","250","50","10","1","0.6","null","0.1527641365925471","0.15778956082132128","249"
"youthful-sweep-306","2","3.5","250","50","10","1","0.55","null","0.17772739032904308","0.1418618424071206","249"
"smart-sweep-305","2","3.5","250","50","10","1","0.5","null","0.2075093686580658","0.19810103310479055","249"
"skilled-sweep-304","2","3.5","250","50","10","1","0.45","null","0.18496005634466808","0.16359547078609463","249"
"stellar-sweep-303","2","3.5","250","50","10","1","0.4","null","0.14509178201357523","0.14173196769422955","249"
"lilac-sweep-302","2","3.5","250","50","10","1","0.35","null","0.2142540156841278","0.18283831079800925","249"
"morning-sweep-301","2","3.5","250","50","10","1","0.3","null","0.15889009833335876","0.13707864781220755","249"
"vague-sweep-300","2","3.5","250","50","10","1","0.25","null","0.22605126897494","0.17599209778838687","249"
"brisk-sweep-299","2","3.5","250","50","10","1","0.2","null","0.20779231985410057","0.17282660802205405","249"
"hopeful-sweep-298","2","3.5","250","50","10","1","0.15","null","0.20057561000188193","0.16813502841525607","249"
"bumbling-sweep-297","2","3.5","250","50","10","1","0.1","null","0.2550065219402313","0.20136244595050812","249"
"brisk-sweep-296","2","3.5","250","50","10","1","0.05","null","0.24448309938112897","0.1487137301100625","249"
"deft-sweep-295","2","3.5","250","50","10","1","0","null","0.2659411112467448","0.2269271373748779","249"
"earnest-sweep-294","2","3.25","250","50","10","1","1","null","0.3481886585553487","0.31002549793985157","249"
"youthful-sweep-293","2","3.25","250","50","10","1","0.95","null","0.27087212204933164","0.2416490912437439","249"
"valiant-sweep-292","2","3.25","250","50","10","1","0.9","null","0.1922793964544932","0.17607221570279863","249"
"vital-sweep-291","2","3.25","250","50","10","1","0.85","null","0.2694189608097076","0.2177576419379976","249"
"easy-sweep-290","2","3.25","250","50","10","1","0.8","null","0.2092218021551768","0.17748123241795433","249"
"fancy-sweep-289","2","3.25","250","50","10","1","0.75","null","0.1843056410551071","0.1673100428448783","249"
"playful-sweep-288","2","3.25","250","50","10","1","0.7","null","0.17111342549324035","0.14920798225535287","249"
"rose-sweep-287","2","3.25","250","50","10","1","0.65","null","0.15325778822104136","0.14805300301975674","249"
"radiant-sweep-286","2","3.25","250","50","10","1","0.6","null","0.14043569465478262","0.12596059772703383","249"
"royal-sweep-285","2","3.25","250","50","10","1","0.55","null","0.11019531538089115","0.11749033712678486","249"
"volcanic-sweep-284","2","3.25","250","50","10","1","0.5","null","0.1324251224597295","0.11732984085877736","249"
"exalted-sweep-283","2","3.25","250","50","10","1","0.45","null","0.14157366156578063","0.13863626105917826","249"
"unique-sweep-282","2","3.25","250","50","10","1","0.4","null","0.14821888903776806","0.13701628082328374","249"
"dauntless-sweep-281","2","3.25","250","50","10","1","0.35","null","0.14731620053450267","0.14069704115390777","249"
"neat-sweep-280","2","3.25","250","50","10","1","0.3","null","0.17498709559440612","0.12617317620250915","249"
"divine-sweep-279","2","3.25","250","50","10","1","0.25","null","0.17000303367773692","0.1517609205510881","249"
"magic-sweep-278","2","3.25","250","50","10","1","0.2","null","0.16191432972749073","0.13416593141025968","249"
"ruby-sweep-277","2","3.25","250","50","10","1","0.15","null","0.19421384930610655","0.1679186913702223","249"
"earthy-sweep-276","2","3.25","250","50","10","1","0.1","null","0.178874142964681","0.15612422558996414","249"
"desert-sweep-275","2","3.25","250","50","10","1","0.05","null","0.19779700835545855","0.16754571596781412","249"
"toasty-sweep-274","2","3.25","250","50","10","1","0","null","0.20076016982396444","0.1670877863963445","249"
"happy-sweep-273","2","3","250","50","10","1","1","null","0.3119587262471517","0.2937452872594198","249"
"brisk-sweep-272","2","3","250","50","10","1","0.95","null","0.25797098875045776","0.2172055194775263","249"
"jolly-sweep-271","2","3","250","50","10","1","0.9","null","0.22827522158622743","0.1980512864059872","249"
"astral-sweep-270","2","3","250","50","10","1","0.85","null","0.1808575322230657","0.15674053960376316","249"
"smooth-sweep-269","2","3","250","50","10","1","0.8","null","0.17595067620277405","0.15205694801277583","249"
"stoic-sweep-268","2","3","250","50","10","1","0.75","null","0.1715707778930664","0.15546482933892145","249"
"kind-sweep-267","2","3","250","50","10","1","0.7","null","0.14691856106122334","0.13326604117949803","249"
"leafy-sweep-266","2","3","250","50","10","1","0.65","null","0.1739358574151993","0.1583178612920973","249"
"summer-sweep-265","2","3","250","50","10","1","0.6","null","0.11967758238315582","0.11607198086049822","249"
"breezy-sweep-264","2","3","250","50","10","1","0.55","null","0.08309893657763799","0.08379485557476679","249"
"dandy-sweep-263","2","3","250","50","10","1","0.5","null","0.1669205447038015","0.13574237293667263","249"
"colorful-sweep-262","2","3","250","50","10","1","0.45","null","0.1457821985085805","0.10865620540248024","249"
"fallen-sweep-261","2","3","250","50","10","1","0.4","null","0.14446211457252503","0.13269337465365727","249"
"super-sweep-260","2","3","250","50","10","1","0.35","null","0.1725028246641159","0.12098995943864188","249"
"glowing-sweep-259","2","3","250","50","10","1","0.3","null","0.1496872087319692","0.1298642239636845","249"
"youthful-sweep-258","2","3","250","50","10","1","0.25","null","0.1268069545427958","0.11827137652370665","249"
"elated-sweep-257","2","3","250","50","10","1","0.2","null","0.13831354677677157","0.11388629310660892","249"
"unique-sweep-256","2","3","250","50","10","1","0.15","null","0.18547527293364208","0.1493008514245351","249"
"morning-sweep-255","2","3","250","50","10","1","0.1","null","0.21611976424853008","0.17343086236053043","249"
"curious-sweep-254","2","3","250","50","10","1","0.05","null","0.20924740433692932","0.1707354058821996","249"
"whole-sweep-252","2","2.75","250","50","10","1","1","null","0.16132836639881137","0.17087608575820923","249"
"wandering-sweep-253","2","3","250","50","10","1","0","null","0.21219685673713684","0.1746418899959988","249"
"drawn-sweep-251","2","2.75","250","50","10","1","0.95","null","0.17824946542580922","0.19498694671524897","249"
"sleek-sweep-250","2","2.75","250","50","10","1","0.9","null","0.17216900289058684","0.15245638655291663","249"
"dark-sweep-249","2","2.75","250","50","10","1","0.85","null","0.14148323436578114","0.1419876062207752","249"
"golden-sweep-248","2","2.75","250","50","10","1","0.8","null","0.1618727445602417","0.15514896048439877","249"
"rural-sweep-247","2","2.75","250","50","10","1","0.75","null","0.16168924669424692","0.1386203623480267","249"
"breezy-sweep-246","2","2.75","250","50","10","1","0.7","null","0.12237962086995442","0.11345994919538498","249"
"flowing-sweep-245","2","2.75","250","50","10","1","0.65","null","0.1522575984398524","0.1341545734140608","249"
"dutiful-sweep-244","2","2.75","250","50","10","1","0.6","null","0.1271617700656255","0.1100881869594256","249"
"young-sweep-243","2","2.75","250","50","10","1","0.55","null","0.10357779463132225","0.07489190507266257","249"
"faithful-sweep-242","2","2.75","250","50","10","1","0.5","null","0.11955592234929403","0.08840239097674688","249"
"cool-sweep-241","2","2.75","250","50","10","1","0.45","null","0.11079022238651912","0.10710545811388228","249"
"crimson-sweep-240","2","2.75","250","50","10","1","0.4","null","0.12727018495400746","0.11310734036895964","249"
"sage-sweep-239","2","2.75","250","50","10","1","0.35","null","0.12906267046928405","0.10464728408389622","249"
"worldly-sweep-238","2","2.75","250","50","10","1","0.3","null","0.1288746178150177","0.12829404953453277","249"
"distinctive-sweep-237","2","2.75","250","50","10","1","0.25","null","0.1295278400182724","0.1205507841375139","249"
"daily-sweep-236","2","2.75","250","50","10","1","0.2","null","0.15008380611737568","0.13354281418853337","249"
"warm-sweep-235","2","2.75","250","50","10","1","0.15","null","0.11774071554342906","0.11723561584949492","249"
"skilled-sweep-234","2","2.75","250","50","10","1","0.1","null","0.1740508000055949","0.15257186823421054","249"
"leafy-sweep-233","2","2.75","250","50","10","1","0.05","null","0.1631777822971344","0.15456078151861827","249"
"trim-sweep-232","2","2.75","250","50","10","1","0","null","0.1912587980429331","0.1678642491499583","249"
"twilight-sweep-231","2","2.5","250","50","10","1","1","null","0.134690260887146","0.1516442126697964","249"
"silver-sweep-230","2","2.5","250","50","10","1","0.95","null","0.1337258795897166","0.1464530673291948","249"
"vivid-sweep-229","2","2.5","250","50","10","1","0.9","null","0.173802121480306","0.16579098635249667","249"
"worthy-sweep-228","2","2.5","250","50","10","1","0.85","null","0.16107005377610523","0.13777608937687344","249"
"resilient-sweep-227","2","2.5","250","50","10","1","0.8","null","0.13368857900301614","0.12690456261237462","249"
"whole-sweep-226","2","2.5","250","50","10","1","0.75","null","0.1128840943177541","0.11794059524933496","249"
"brisk-sweep-225","2","2.5","250","50","10","1","0.7","null","0.10422123968601228","0.09000741326146655","249"
"elated-sweep-224","2","2.5","250","50","10","1","0.65","null","0.13106817702452342","0.10111180891593298","249"
"swept-sweep-223","2","2.5","250","50","10","1","0.6","null","0.10385496467351914","0.0782435632414288","249"
"divine-sweep-222","2","2.5","250","50","10","1","0.55","null","0.1294503500064214","0.07633064836263656","249"
"comfy-sweep-221","2","2.5","250","50","10","1","0.5","null","0.1112277736266454","0.09649555236101152","249"
"royal-sweep-220","2","2.5","250","50","10","1","0.45","null","0.10001257012287776","0.10106894175211588","249"
"amber-sweep-219","2","2.5","250","50","10","1","0.4","null","0.11857718825340272","0.13052146699693468","249"
"silver-sweep-218","2","2.5","250","50","10","1","0.35","null","0.10848288387060163","0.1064138780037562","249"
"royal-sweep-217","2","2.5","250","50","10","1","0.3","null","0.11669532159964244","0.10337588008907106","249"
"playful-sweep-216","2","2.5","250","50","10","1","0.25","null","0.1769671986500422","0.12997285591231453","249"
"dark-sweep-215","2","2.5","250","50","10","1","0.2","null","0.13526755273342134","0.13209231661425697","249"
"laced-sweep-214","2","2.5","250","50","10","1","0.15","null","0.1441903124252955","0.12144518908527162","249"
"devout-sweep-213","2","2.5","250","50","10","1","0.1","null","0.12567277948061625","0.1293028035097652","249"
"twilight-sweep-212","2","2.5","250","50","10","1","0.05","null","0.15067536930243175","0.139625450472037","249"
"zesty-sweep-211","2","2.5","250","50","10","1","0","null","0.1811231166124344","0.16159214244948494","249"
"northern-sweep-210","2","2.25","250","50","10","1","1","null","0.1638690302769343","0.1702658451265759","249"
"proud-sweep-209","2","2.25","250","50","10","1","0.95","null","0.1973938802878062","0.1915674623515871","249"
"sandy-sweep-208","2","2.25","250","50","10","1","0.9","null","0.20014958083629608","0.18008738656838735","249"
"icy-sweep-207","2","2.25","250","50","10","1","0.85","null","0.14002508521080018","0.1155957246820132","249"
"fallen-sweep-206","2","2.25","250","50","10","1","0.8","null","0.11442406922578811","0.09565585404634476","249"
"fancy-sweep-205","2","2.25","250","50","10","1","0.75","null","0.08290722121795019","0.07153176955050893","249"
"hearty-sweep-204","2","2.25","250","50","10","1","0.7","null","0.07708706210056941","0.0779867089456982","249"
"fluent-sweep-203","2","2.25","250","50","10","1","0.65","null","0.09154182275136312","0.06945026045044263","249"
"elated-sweep-202","2","2.25","250","50","10","1","0.6","null","0.06723647067944209","0.06868227670590082","249"
"pious-sweep-201","2","2.25","250","50","10","1","0.55","null","0.10232462088267008","0.09664879275692834","249"
"comfy-sweep-200","2","2.25","250","50","10","1","0.5","null","0.1458809942007065","0.10229037271605598","249"
"fiery-sweep-199","2","2.25","250","50","10","1","0.45","null","0.0645074521501859","0.06791051137778494","249"
"jolly-sweep-198","2","2.25","250","50","10","1","0.4","null","0.1324038763840993","0.11607257061534458","249"
"efficient-sweep-197","2","2.25","250","50","10","1","0.35","null","0.14459921518961588","0.10628067370918062","249"
"ethereal-sweep-196","2","2.25","250","50","10","1","0.3","null","0.12615203658739726","0.1034730013873842","249"
"pretty-sweep-195","2","2.25","250","50","10","1","0.25","null","0.11403096417586008","0.09573902222845287","249"
"lunar-sweep-194","2","2.25","250","50","10","1","0.2","null","0.1012621561686198","0.08315512521399392","249"
"worldly-sweep-193","2","2.25","250","50","10","1","0.15","null","0.13781714340051016","0.1205266523692343","249"
"sandy-sweep-192","2","2.25","250","50","10","1","0.1","null","0.0987283875544866","0.11247326880693435","249"
"lilac-sweep-191","2","2.25","250","50","10","1","0.05","null","0.14883094429969787","0.136406951977147","249"
"azure-sweep-190","2","2.25","250","50","10","1","0","null","0.15114079018433887","0.12239797429905998","249"
"magic-sweep-189","2","2","250","50","10","1","1","null","0.1967058151960373","0.189377576775021","249"
"fragrant-sweep-188","2","2","250","50","10","1","0.95","null","0.15574199656645457","0.14435541696018642","249"
"pleasant-sweep-187","2","2","250","50","10","1","0.9","null","0.12997320691744488","0.12680289927456115","249"
"radiant-sweep-186","2","2","250","50","10","1","0.85","null","0.11341764827569326","0.11025382495588726","249"
"hopeful-sweep-185","2","2","250","50","10","1","0.8","null","0.08480115284522374","0.061508692138724855","249"
"drawn-sweep-184","2","2","250","50","10","1","0.75","null","0.1028819426894188","0.08304921587308248","249"
"likely-sweep-183","2","2","250","50","10","1","0.7","null","0.15124683578809103","0.09461321930090588","249"
"robust-sweep-182","2","2","250","50","10","1","0.65","null","0.10917859474817912","0.09668676058451336","249"
"fresh-sweep-181","2","2","250","50","10","1","0.6","null","0.10427041153113048","0.0811463948753145","249"
"prime-sweep-180","2","2","250","50","10","1","0.55","null","0.13824642697970072","0.12059297843111884","249"
"tough-sweep-179","2","2","250","50","10","1","0.5","null","0.14034623503684998","0.10915132313966752","249"
"major-sweep-178","2","2","250","50","10","1","0.45","null","0.10374080340067546","0.09717821445729996","249"
"earthy-sweep-177","2","2","250","50","10","1","0.4","null","0.12369716862837474","0.10910651849375833","249"
"glorious-sweep-176","2","2","250","50","10","1","0.35","null","0.10768826007843016","0.11393685539563496","249"
"worldly-sweep-175","2","2","250","50","10","1","0.3","null","0.1410865475734075","0.11011569566196866","249"
"earnest-sweep-174","2","2","250","50","10","1","0.25","null","0.13024055262406667","0.10336026516225603","249"
"good-sweep-173","2","2","250","50","10","1","0.2","null","0.19456609884897869","0.13472723513841628","249"
"youthful-sweep-172","2","2","250","50","10","1","0.15","null","0.14160861670970917","0.13530665238698322","249"
"genial-sweep-171","2","2","250","50","10","1","0.1","null","0.16941397190093993","0.1640414641963111","249"
"spring-sweep-170","2","2","250","50","10","1","0.05","null","0.14407995343208313","0.13918773498800066","249"
"eternal-sweep-169","2","2","250","50","10","1","0","null","0.1352926899989446","0.14239685700999366","249"
"eternal-sweep-168","2","1.75","250","50","10","1","1","null","0.18181648353735605","0.1680448376470142","249"
"wise-sweep-167","2","1.75","250","50","10","1","0.95","null","0.12122436414162316","0.13098834902048112","249"
"chocolate-sweep-166","2","1.75","250","50","10","1","0.9","null","0.12985218167304993","0.11479375958442688","249"
"valiant-sweep-165","2","1.75","250","50","10","1","0.85","null","0.10908370316028596","0.11036275294091968","249"
"volcanic-sweep-164","2","1.75","250","50","10","1","0.8","null","0.09125615060329435","0.07514819271034665","249"
"smooth-sweep-163","null","1.75","null","null","null","null","0.75","null","null","null","null"
"effortless-sweep-162","null","1.75","null","null","null","null","0.7","null","null","null","null"
"easy-sweep-161","2","1.75","250","50","10","1","0.65","null","0.06794481327136358","0.06068301051855087","249"
"still-sweep-159","2","1.75","250","50","10","1","0.55","null","0.15060687363147734","0.11641780833403267","249"
"grateful-sweep-160","2","1.75","250","50","10","1","0.6","null","0.11119205603996912","0.09423077868090736","249"
"major-sweep-158","2","1.75","250","50","10","1","0.5","null","0.09546622087558113","0.07860772179232703","249"
"chocolate-sweep-157","2","1.75","250","50","10","1","0.45","null","0.11045060654481252","0.10143279946512646","249"
"elated-sweep-156","2","1.75","250","50","10","1","0.4","null","0.13927124639352162","0.09998813652329974","249"
"ancient-sweep-155","null","1.75","null","null","null","null","0.35","null","null","null","null"
"noble-sweep-154","null","1.75","null","null","null","null","0.3","null","null","null","null"
"fragrant-sweep-153","null","1.75","null","null","null","null","0.25","null","null","null","null"
"magic-sweep-152","2","1.75","250","50","10","1","0.2","null","0.10610841810703278","0.11158755140172112","249"
"eager-sweep-151","2","1.75","250","50","10","1","0.15","null","0.10447269280751546","0.1132121718592114","249"
"flowing-sweep-150","null","1.75","null","null","null","null","0.1","null","null","null","null"
"colorful-sweep-149","2","1.75","250","50","10","1","0.05","null","0.1480896552403768","0.145145489109887","249"
"wild-sweep-148","2","1.75","250","50","10","1","0","null","0.17349361677964528","0.1722804175482856","249"
"fearless-sweep-147","2","1.5","250","50","10","1","1","null","0.1766809125741323","0.17514874107307857","249"
"true-sweep-146","2","1.5","250","50","10","1","0.95","null","0.13783465226491293","0.12120520638095009","249"
"toasty-sweep-145","2","1.5","250","50","10","1","0.9","null","0.12259430090586344","0.10305266943242816","249"
"dazzling-sweep-144","2","1.5","250","50","10","1","0.85","null","0.13177315493424732","0.11036364833513897","249"
"legendary-sweep-143","2","1.5","250","50","10","1","0.8","null","0.09884618520736696","0.07367499942580859","249"
"glorious-sweep-142","2","1.5","250","50","10","1","0.75","null","0.11455831627051036","0.1080309263534016","249"
"smooth-sweep-141","2","1.5","250","50","10","1","0.7","null","0.07742235412200292","0.07199840197960536","249"
"solar-sweep-140","2","1.5","250","50","10","1","0.65","null","0.13879255652427674","0.09850864311059317","249"
"blooming-sweep-139","2","1.5","250","50","10","1","0.6","null","0.11462704241275788","0.1123311976591746","249"
"brisk-sweep-138","2","1.5","250","50","10","1","0.55","null","0.1407583584388097","0.12030115872621536","249"
"vague-sweep-137","2","1.5","250","50","10","1","0.5","null","0.1254068359732628","0.10293931596808964","249"
"snowy-sweep-136","2","1.5","250","50","10","1","0.45","null","0.14225689073403677","0.1344266068604257","249"
"fancy-sweep-135","2","1.5","250","50","10","1","0.4","null","0.10917614450057347","0.09068024920092688","249"
"fiery-sweep-134","2","1.5","250","50","10","1","0.35","null","0.12255259454250336","0.10339484645260703","249"
"fine-sweep-133","2","1.5","250","50","10","1","0.3","null","0.1373393366734187","0.133395221332709","249"
"effortless-sweep-132","2","1.5","250","50","10","1","0.25","null","0.18007731139659883","0.15011229150825076","249"
"devoted-sweep-131","2","1.5","250","50","10","1","0.2","null","0.1982992152372996","0.15148453778690762","249"
"unique-sweep-130","2","1.5","250","50","10","1","0.15","null","0.2018706778685252","0.1548851516511705","249"
"treasured-sweep-129","2","1.5","250","50","10","1","0.1","null","0.2113637665907542","0.1756990310218599","249"
"valiant-sweep-128","2","1.5","250","50","10","1","0.05","null","0.1756812204917272","0.14239387843343948","249"
"flowing-sweep-127","2","1.5","250","50","10","1","0","null","0.19244359532992045","0.1466067906883028","249"
"misunderstood-sweep-126","2","1.25","250","50","10","1","1","null","0.17499096592267355","0.16065901749663883","249"
"fiery-sweep-125","2","1.25","250","50","10","1","0.95","null","0.12808142801125844","0.1369784388277266","249"
"misty-sweep-124","2","1.25","250","50","10","1","0.9","null","0.08747654308875402","0.08391458921962314","249"
"azure-sweep-123","2","1.25","250","50","10","1","0.85","null","0.07662748048702876","0.056788741052150725","249"
"earthy-sweep-122","2","1.25","250","50","10","1","0.8","null","0.03901389514406522","0.028585627468095884","249"
"lively-sweep-121","2","1.25","250","50","10","1","0.75","null","0.09278235385815302","0.06535720659626855","249"
"restful-sweep-120","2","1.25","250","50","10","1","0.7","null","0.10434678693612416","0.07454774743980831","249"
"morning-sweep-119","2","1.25","250","50","10","1","0.65","null","0.08606324841578801","0.08492796139584648","249"
"iconic-sweep-118","2","1.25","250","50","10","1","0.6","null","0.095596477886041","0.09121302639444669","249"
"worthy-sweep-117","2","1.25","250","50","10","1","0.55","null","0.11620110869407654","0.09473533911837471","249"
"crimson-sweep-116","2","1.25","250","50","10","1","0.5","null","0.1068349892894427","0.0990362665719456","249"
"clear-sweep-115","2","1.25","250","50","10","1","0.45","null","0.12002990742524464","0.11539184285534752","249"
"colorful-sweep-114","2","1.25","250","50","10","1","0.4","null","0.14194590051968892","0.1310513883829117","249"
"twilight-sweep-113","2","1.25","250","50","10","1","0.35","null","0.17853822608788808","0.15205709007051257","249"
"graceful-sweep-112","2","1.25","250","50","10","1","0.3","null","0.1745213250319163","0.1301508237918218","249"
"polar-sweep-111","2","1.25","250","50","10","1","0.25","null","0.18869457145531973","0.1524612459871504","249"
"fallen-sweep-110","2","1.25","250","50","10","1","0.2","null","0.22100058992703756","0.16828396386570402","249"
"gallant-sweep-109","2","1.25","250","50","10","1","0.15","null","0.15532160600026448","0.15979533659087286","249"
"devoted-sweep-108","2","1.25","250","50","10","1","0.1","null","0.187644828359286","0.1937588738070594","249"
"light-sweep-107","2","1.25","250","50","10","1","0.05","null","0.23601675629615784","0.17207187877760993","249"
"unique-sweep-106","2","1.25","250","50","10","1","0","null","0.2003199259440104","0.16303945382436116","249"
"bumbling-sweep-105","2","1","250","50","10","1","1","null","0.17357858618100483","0.1573278374142117","249"
"hardy-sweep-104","2","1","250","50","10","1","0.95","null","0.14423299332459769","0.12010316716300116","249"
"likely-sweep-103","2","1","250","50","10","1","0.9","null","0.10428831974665324","0.09197452581591076","249"
"usual-sweep-102","2","1","250","50","10","1","0.85","null","0.1262447401881218","0.08365665326515834","249"
"gentle-sweep-101","2","1","250","50","10","1","0.8","null","0.10666316598653794","0.1085823631948895","249"
"prime-sweep-100","2","1","250","50","10","1","0.75","null","0.09357773909966152","0.052869752049446106","249"
"atomic-sweep-99","2","1","250","50","10","1","0.7","null","0.09647406587998072","0.07437815169493357","249"
"earthy-sweep-98","2","1","250","50","10","1","0.65","null","0.08479095796744028","0.06982998814847734","249"
"robust-sweep-97","2","1","250","50","10","1","0.6","null","0.10464787483215332","0.08216395096646414","249"
"stellar-sweep-96","2","1","250","50","10","1","0.55","null","0.0982896074652672","0.11307872037092843","249"
"sleek-sweep-95","2","1","250","50","10","1","0.5","null","0.10805639475584032","0.11710099147425758","249"
"giddy-sweep-94","2","1","250","50","10","1","0.45","null","0.1432207405567169","0.14222179585032993","249"
"rich-sweep-93","2","1","250","50","10","1","0.4","null","0.1332372893889745","0.12704273611307143","249"
"sleek-sweep-92","2","1","250","50","10","1","0.35","null","0.12693569759527842","0.13518511950969697","249"
"electric-sweep-91","2","1","250","50","10","1","0.3","null","0.20829424758752188","0.16324943270948197","249"
"golden-sweep-90","2","1","250","50","10","1","0.25","null","0.24258087277412416","0.1893932491540909","249"
"faithful-sweep-89","2","1","250","50","10","1","0.2","null","0.28467135230700175","0.22407180666923524","249"
"swept-sweep-88","2","1","250","50","10","1","0.15","null","0.2655121862888336","0.2351041469309065","249"
"stoic-sweep-87","2","1","250","50","10","1","0.1","null","0.24692316651344295","0.24047010805871752","249"
"lively-sweep-86","2","1","250","50","10","1","0.05","null","0.2099644978841146","0.21901712616284688","249"
"earthy-sweep-85","2","1","250","50","10","1","0","null","0.22831032673517865","0.24488075541125404","249"
"polar-sweep-84","2","0.75","250","50","10","1","1","null","0.1300200363000234","0.14523563583691915","249"
"lively-sweep-83","2","0.75","250","50","10","1","0.95","null","0.14411127467950186","0.1401295052634345","249"
"stoic-sweep-82","2","0.75","250","50","10","1","0.9","null","0.10757478922605516","0.09820213831133312","249"
"feasible-sweep-81","2","0.75","250","50","10","1","0.85","null","0.06611736267805099","0.04963530070251888","249"
"robust-sweep-80","2","0.75","250","50","10","1","0.8","null","0.07348355005184809","0.04986358988616202","249"
"wandering-sweep-79","2","0.75","250","50","10","1","0.75","null","0.07210990637540818","0.05195657163858414","249"
"honest-sweep-78","2","0.75","250","50","10","1","0.7","null","0.0804687961935997","0.06997193412648307","249"
"electric-sweep-77","2","0.75","250","50","10","1","0.65","null","0.07837998966375986","0.06282839766807026","249"
"cool-sweep-76","2","0.75","250","50","10","1","0.6","null","0.09263214667638144","0.07539807210365931","249"
"swift-sweep-75","2","0.75","250","50","10","1","0.55","null","0.11258501410484316","0.12059487137529586","249"
"stellar-sweep-74","2","0.75","250","50","10","1","0.5","null","0.1285653293132782","0.14329213665591345","249"
"good-sweep-73","2","0.75","250","50","10","1","0.45","null","0.13279081284999847","0.13056183689170414","249"
"sleek-sweep-72","2","0.75","250","50","10","1","0.4","null","0.153763285279274","0.14321223497390748","249"
"bright-sweep-71","2","0.75","250","50","10","1","0.35","null","0.1974762996037801","0.1895193000634511","249"
"pretty-sweep-70","2","0.75","250","50","10","1","0.3","null","0.15112857917944592","0.15766865842872196","249"
"electric-sweep-69","2","0.75","250","50","10","1","0.25","null","0.17338299055894216","0.1525257726510366","249"
"cosmic-sweep-68","2","0.75","250","50","10","1","0.2","null","0.2155263731877009","0.18420073522461783","249"
"peach-sweep-67","2","0.75","250","50","10","1","0.15","null","0.21904221177101135","0.19046703345245783","249"
"likely-sweep-66","2","0.75","250","50","10","1","0.1","null","0.2431736965974172","0.2386212405231264","249"
"gentle-sweep-65","2","0.75","250","50","10","1","0.05","null","0.23199104567368825","0.23075545827547708","249"
"wobbly-sweep-64","2","0.75","250","50","10","1","0","null","0.2203821082909902","0.22338948746522264","249"
"fresh-sweep-63","2","0.5","250","50","10","1","1","null","0.1117890313267708","0.11071632355451584","249"
"fallen-sweep-62","2","0.5","250","50","10","1","0.95","null","0.09408995807170868","0.09419098943471908","249"
"resilient-sweep-61","2","0.5","250","50","10","1","0.9","null","0.04266535217563312","0.03707826319668028","249"
"fanciful-sweep-60","2","0.5","250","50","10","1","0.85","null","0.05426037808259328","0.03929852955043315","249"
"solar-sweep-59","2","0.5","250","50","10","1","0.8","null","0.05257487744092941","0.043052698257896635","249"
"lucky-sweep-58","2","0.5","250","50","10","1","0.75","null","0.06999810238679251","0.05037875407271915","249"
"hardy-sweep-57","2","0.5","250","50","10","1","0.7","null","0.10707037349541984","0.09557403789626227","249"
"eager-sweep-56","2","0.5","250","50","10","1","0.65","null","0.11116824348767598","0.11520514455106524","249"
"clear-sweep-55","2","0.5","250","50","10","1","0.6","null","0.0961243152618408","0.10197858727640575","249"
"azure-sweep-54","2","0.5","250","50","10","1","0.55","null","0.11147263298432032","0.12532724175188276","249"
"young-sweep-53","2","0.5","250","50","10","1","0.5","null","0.1190263420343399","0.12711644768714905","249"
"sparkling-sweep-52","2","0.5","250","50","10","1","0.45","null","0.13556708594163258","0.15597505668799083","249"
"floral-sweep-51","2","0.5","250","50","10","1","0.4","null","0.1449986199537913","0.16220871441894108","249"
"pleasant-sweep-50","2","0.5","250","50","10","1","0.35","null","0.157664888103803","0.17344489494959514","249"
"fiery-sweep-49","2","0.5","250","50","10","1","0.3","null","0.16462270319461822","0.18643052809768257","249"
"visionary-sweep-48","2","0.5","250","50","10","1","0.25","null","0.1657130887111028","0.1905720247162713","249"
"lemon-sweep-47","2","0.5","250","50","10","1","0.2","null","0.15619304676850637","0.17338857716984218","249"
"restful-sweep-46","2","0.5","250","50","10","1","0.15","null","0.15963231027126312","0.1740832332107756","249"
"cerulean-sweep-45","2","0.5","250","50","10","1","0.1","null","0.16049807171026867","0.1710074351893531","249"
"likely-sweep-44","2","0.5","250","50","10","1","0.05","null","0.16321734885374706","0.17176725930637785","249"
"pleasant-sweep-43","2","0.5","250","50","10","1","0","null","0.15353943010171253","0.1660290327337053","249"
"daily-sweep-42","2","0.25","250","50","10","1","1","null","0.11281934678554537","0.11418431119786368","249"
"lemon-sweep-41","2","0.25","250","50","10","1","0.95","null","0.09835491428772608","0.09579731590218014","249"
"stoic-sweep-40","2","0.25","250","50","10","1","0.9","null","0.08222873459259669","0.08235176205635071","249"
"misty-sweep-39","2","0.25","250","50","10","1","0.85","null","0.07467515170574188","0.06252936687734392","249"
"devoted-sweep-38","2","0.25","250","50","10","1","0.8","null","0.11232770085334778","0.11361497756507662","249"
"lemon-sweep-37","2","0.25","250","50","10","1","0.75","null","0.05006051833430926","0.044184028853972754","249"
"amber-sweep-36","2","0.25","250","50","10","1","0.7","null","0.05718445181846619","0.04566593017015192","249"
"chocolate-sweep-35","2","0.25","250","50","10","1","0.65","null","0.08671400249004364","0.08280705942047967","249"
"giddy-sweep-34","2","0.25","250","50","10","1","0.6","null","0.1166200598080953","0.1323160194688373","249"
"clean-sweep-33","2","0.25","250","50","10","1","0.55","null","0.1347120702266693","0.15117176042662728","249"
"azure-sweep-32","2","0.25","250","50","10","1","0.5","null","0.15575161278247834","0.17026458183924356","249"
"efficient-sweep-31","2","0.25","250","50","10","1","0.45","null","0.1760679652293523","0.18932912117905087","249"
"magic-sweep-30","2","0.25","250","50","10","1","0.4","null","0.18215657770633695","0.196271022160848","249"
"lunar-sweep-29","2","0.25","250","50","10","1","0.35","null","0.1810635358095169","0.19739410049385497","249"
"zesty-sweep-28","2","0.25","250","50","10","1","0.3","null","0.18013397057851155","0.1961781511704127","249"
"lyric-sweep-27","2","0.25","250","50","10","1","0.25","null","0.17998062670230866","0.1961864047580295","249"
"pious-sweep-26","2","0.25","250","50","10","1","0.2","null","0.1783941000699997","0.19187612069977655","249"
"lyric-sweep-25","2","0.25","250","50","10","1","0.15","null","0.18253197868665055","0.1917450686295827","249"
"faithful-sweep-24","2","0.25","250","50","10","1","0.1","null","0.17617052296797434","0.18673842549324035","249"
"bright-sweep-23","2","0.25","250","50","10","1","0.05","null","0.16468336482842763","0.18050896293587151","249"
"fearless-sweep-22","2","0.25","250","50","10","1","0","null","0.1819655070702235","0.196057747470008","249"
"fast-sweep-21","2","0","250","50","10","1","1","null","0.7337558746337891","0.5909392343627082","249"
"sleek-sweep-20","2","0","250","50","10","1","0.95","null","0.736248807112376","0.5896908680597941","249"
"summer-sweep-19","2","0","250","50","10","1","0.9","null","0.7373444199562073","0.5896672103140089","249"
"charmed-sweep-18","2","0","250","50","10","1","0.85","null","0.7369003494580587","0.5896544602182177","249"
"solar-sweep-17","2","0","250","50","10","1","0.8","null","0.7369346340497335","0.5896542999479506","249"
"peach-sweep-16","2","0","250","50","10","1","0.75","null","0.736919351418813","0.5896542986234029","249"
"different-sweep-15","2","0","250","50","10","1","0.7","null","0.8194153547286988","0.5964768356747098","249"
"youthful-sweep-14","2","0","250","50","10","1","0.65","null","0.8110403617223104","0.5964768356747098","249"
"unique-sweep-13","2","0","250","50","10","1","0.6","null","0.8031519214312236","0.5964768356747098","249"
"dulcet-sweep-12","2","0","250","50","10","1","0.55","null","0.7950726707776388","0.5964768356747098","249"
"cosmic-sweep-10","2","0","250","50","10","1","0.45","null","0.7797070582707722","0.5964768356747098","249"
"smooth-sweep-11","2","0","250","50","10","1","0.5","null","0.7870186607042948","0.5964768356747098","249"
"northern-sweep-9","2","0","250","50","10","1","0.4","null","0.7732581694920858","0.5964768356747098","249"
"comic-sweep-8","2","0","250","50","10","1","0.35","null","0.7667922774950663","0.5964768356747098","249"
"olive-sweep-7","2","0","250","50","10","1","0.3","null","0.7597577929496765","0.5964768356747098","249"
"wobbly-sweep-6","2","0","250","50","10","1","0.25","null","0.7527932524681091","0.5964768356747098","249"
"crisp-sweep-5","2","0","250","50","10","1","0.2","null","0.7465444445610047","0.5964768356747098","249"
"brisk-sweep-4","2","0","250","50","10","1","0.15","null","0.7414373517036438","0.5964768356747098","249"
"morning-sweep-3","2","0","250","50","10","1","0.1","null","0.7380380392074585","0.5964768356747098","249"
"toasty-sweep-2","2","0","250","50","10","1","0.05","null","0.7357345859209696","0.5964768356747098","249"
"clear-sweep-1","2","0","250","50","10","1","0","null","0.733801293373108","0.5964768356747098","249"